Pathogen,Protein_id,Position,True_class,Predictor,Predicted_prob
,NP_619988.1,1,,,0.4209465347686502
,NP_619988.1,2,,,0.5556623931623932
,NP_619988.1,3,,,0.505210241147741
,NP_619988.1,4,,,0.4470357767232767
,NP_619988.1,5,,,0.517462398712399
,NP_619988.1,6,,,0.5748087649529957
,NP_619988.1,7,,,0.4458270895770898
,NP_619988.1,8,,,0.5032592407592408
,NP_619988.1,9,,,0.5541363150738152
,NP_619988.1,10,,,0.5385119154349923
,NP_619988.1,11,,,0.3999169900612209
,NP_619988.1,12,,,0.5149288211788213
,NP_619988.1,13,,,0.5676863067488065
,NP_619988.1,14,,,0.4994378885003884
orthopox,NP_619988.1,15,0.0,nptransfer,0.5524228175670485
orthopox,NP_619988.1,16,0.0,nptransfer,0.5819061147186146
orthopox,NP_619988.1,17,0.0,nptransfer,0.5244588744588744
orthopox,NP_619988.1,18,0.0,nptransfer,0.5807114760239762
orthopox,NP_619988.1,19,0.0,nptransfer,0.5828738969363971
orthopox,NP_619988.1,20,0.0,nptransfer,0.6229433760683759
orthopox,NP_619988.1,21,0.0,nptransfer,0.5063891236968161
orthopox,NP_619988.1,22,0.0,nptransfer,0.5286208182842798
,NP_619988.1,23,,,0.5500775266400268
,NP_619988.1,24,,,0.4864257537334462
,NP_619988.1,25,,,0.5145930458430459
,NP_619988.1,26,,,0.4771216630591631
,NP_619988.1,27,,,0.519609397013243
,NP_619988.1,28,,,0.5718965062715061
,NP_619988.1,29,,,0.4705433455433458
,NP_619988.1,30,,,0.5476635143702453
,NP_619988.1,31,,,0.5445567386673156
,NP_619988.1,32,,,0.5721169455544455
,NP_619988.1,33,,,0.4995818417693417
,NP_619988.1,34,,,0.5407249134412597
,NP_619988.1,35,,,0.5411324252670406
,NP_619988.1,36,,,0.5812382996277227
,NP_619988.1,37,,,0.4566812060802446
,NP_619988.1,38,,,0.4551491377212533
,NP_619988.1,39,,,0.4829452065028986
,NP_619988.1,40,,,0.5357929196871504
,NP_619988.1,41,,,0.474152463455348
,NP_619988.1,42,,,0.4697496680669756
,NP_619988.1,43,,,0.5435312950937953
,NP_619988.1,44,,,0.5443072552447553
,NP_619988.1,45,,,0.5384617786060094
,NP_619988.1,46,,,0.5340385575962499
,NP_619988.1,47,,,0.5044727841602842
,NP_619988.1,48,,,0.5699933613395152
,NP_619988.1,49,,,0.6128021284271286
,NP_619988.1,50,,,0.4954216590033897
,NP_619988.1,51,,,0.524149821866168
,NP_619988.1,52,,,0.4416716963591962
,NP_619988.1,53,,,0.5262424007616315
,NP_619988.1,54,,,0.4936081279831279
,NP_619988.1,55,,,0.4540955839032762
,NP_619988.1,56,,,0.4404750431192737
,NP_619988.1,57,,,0.5011656746031744
,NP_619988.1,58,,,0.462728404074558
,NP_619988.1,59,,,0.421170869728562
,NP_619988.1,60,,,0.5234055607853684
,NP_619988.1,61,,,0.5220912634374171
,NP_619988.1,62,,,0.4762865606615607
,NP_619988.1,63,,,0.4649063143053529
,NP_619988.1,64,,,0.5155118919541998
,NP_619988.1,65,,,0.5353223032309572
,NP_619988.1,66,,,0.471635789424251
,NP_619988.1,67,,,0.5807596916971917
,NP_619988.1,68,,,0.5121435188742882
,NP_619988.1,69,,,0.54825487012987
,NP_619988.1,70,,,0.4600214022089022
,NP_619988.1,71,,,0.4313197486274408
,NP_619988.1,72,,,0.4680928313139851
,NP_619988.1,73,,,0.4529475599187136
,NP_619988.1,74,,,0.4541545527122451
,NP_619988.1,75,,,0.4387314341641264
,NP_619988.1,76,,,0.4414968978670902
,NP_619988.1,77,,,0.435794674075924
,NP_619988.1,78,,,0.4967381576756577
,NP_619988.1,79,,,0.4654007317468855
,NP_619988.1,80,,,0.4570828477078477
,NP_619988.1,81,,,0.4391594516594516
,NP_619988.1,82,,,0.3889490717615718
,NP_619988.1,83,,,0.3761044511044511
,NP_619988.1,84,,,0.4211448273948273
,NP_619988.1,85,,,0.4665473415473415
,NP_619988.1,86,,,0.4446829212454212
,NP_619988.1,87,,,0.4892636877011875
,NP_619988.1,88,,,0.4473710317460319
,NP_619988.1,89,,,0.4764402264402264
,NP_619988.1,90,,,0.5404450384017692
,NP_619988.1,91,,,0.4413134808567501
,NP_619988.1,92,,,0.4442332640649949
,NP_619988.1,93,,,0.4305846930846931
,NP_619988.1,94,,,0.4557582775130853
,NP_619988.1,95,,,0.4507064116439117
,NP_619988.1,96,,,0.47649034992785
,NP_619988.1,97,,,0.4383834915084916
,NP_619988.1,98,,,0.4962565479392403
,NP_619988.1,99,,,0.4986414627039627
,NP_619988.1,100,,,0.5038210720903029
,NP_619988.1,101,,,0.5268891098218021
,NP_619988.1,102,,,0.5153559981684983
,NP_619988.1,103,,,0.5405586801019493
,NP_619988.1,104,,,0.4931709983392675
,NP_619988.1,105,,,0.4925316270268193
,NP_619988.1,106,,,0.5175468628593628
,NP_619988.1,107,,,0.4812484123782201
,NP_619988.1,108,,,0.4443778443778443
,NP_619988.1,109,,,0.4782613220113221
,NP_619988.1,110,,,0.5109043734043733
,NP_619988.1,111,,,0.5205482685049992
,NP_619988.1,112,,,0.5137808372183372
,NP_619988.1,113,,,0.5180309274059275
,NP_619988.1,114,,,0.4940741550116549
,NP_619988.1,115,,,0.5354900308025308
,NP_619988.1,116,,,0.5525171009546009
,NP_619988.1,117,,,0.5035351800976801
,NP_619988.1,118,,,0.4886637667887668
,NP_619988.1,119,,,0.4706178970602046
,NP_619988.1,120,,,0.4826198107448106
,NP_619988.1,121,,,0.4067630953448263
,NP_619988.1,122,,,0.4777231849347235
,NP_619988.1,123,,,0.4947028665778666
,NP_619988.1,124,,,0.5551108613608614
,NP_619988.1,125,,,0.5190658433446894
,NP_619988.1,126,,,0.513034188034188
,NP_619988.1,127,,,0.509065934065934
,NP_619988.1,128,,,0.5219816908518832
,NP_619988.1,129,,,0.4408535908535909
,NP_619988.1,130,,,0.5385744063628678
,NP_619988.1,131,,,0.655842381443343
,NP_619988.1,132,,,0.5622281564589258
,NP_619988.1,133,,,0.6199586871461873
,NP_619988.1,134,,,0.6134702103452103
,NP_619988.1,135,,,0.6699628496503495
,NP_619988.1,136,,,0.6197647838272838
,NP_619988.1,137,,,0.489765442890443
,NP_619988.1,138,,,0.6095557220557222
,NP_619988.1,139,,,0.4377324731892039
,NP_619988.1,140,,,0.4035790598290598
,NP_619988.1,141,,,0.4934102355977355
,NP_619988.1,142,,,0.575480595793096
,NP_619988.1,143,,,0.4518661893661894
,NP_619988.1,144,,,0.5138250238009852
,NP_619988.1,145,,,0.3913253413253414
,NP_619988.1,146,,,0.4402377136752137
,NP_619988.1,147,,,0.4930860539033616
,NP_619988.1,148,,,0.4879202795068179
,NP_619988.1,149,,,0.5400188353313354
,NP_619988.1,150,,,0.4760891885891884
,NP_619988.1,151,,,0.4350036448594142
,NP_619988.1,152,,,0.6004058041317658
,NP_619988.1,153,,,0.5117252672541135
,NP_619988.1,154,,,0.4537258548075855
,NP_619988.1,155,,,0.6218073993314377
,NP_619988.1,156,,,0.571058281995782
,NP_619988.1,157,,,0.5237819472194473
,NP_619988.1,158,,,0.5237883644133645
,NP_619988.1,159,,,0.523356918188649
,NP_619988.1,160,,,0.4708045426795427
,NP_619988.1,161,,,0.4830906540041155
,NP_619988.1,162,,,0.5445351256649335
,NP_619988.1,163,,,0.5388529606077683
,NP_619988.1,164,,,0.5424386377511378
,NP_619988.1,165,,,0.5647431361373669
,NP_619988.1,166,,,0.5169259559884558
,NP_619988.1,167,,,0.518637332219063
,NP_619988.1,168,,,0.4168000402375403
,NP_619988.1,169,,,0.4905505952380953
,NP_619988.1,170,,,0.3734504678014294
,NP_619988.1,171,,,0.4239564922257229
,NP_619988.1,172,,,0.3868639773687851
,NP_619988.1,173,,,0.3990096442019518
,NP_619988.1,174,,,0.3896001034222188
,NP_619988.1,175,,,0.447431708249016
,NP_619988.1,176,,,0.368102797309528
,NP_619988.1,177,,,0.3408394623538854
,NP_619988.1,178,,,0.3634174852924854
,NP_619988.1,179,,,0.39159997321055
,NP_619988.1,180,,,0.3843661546786547
,NP_619988.1,181,,,0.4167421120546119
,NP_619988.1,182,,,0.3372124403374403
,NP_619988.1,183,,,0.3966378039695348
,NP_619988.1,184,,,0.4238194097569098
,NP_619988.1,185,,,0.5212108671243286
,NP_619988.1,186,,,0.5371827824952826
,NP_619988.1,187,,,0.4250620506630123
,NP_619988.1,188,,,0.4614823210977057
,NP_619988.1,189,,,0.4778945013320014
,NP_619988.1,190,,,0.4375839438339437
,NP_619988.1,191,,,0.6855913184038187
,NP_619988.1,192,,,0.4626172438672439
,NP_619988.1,193,,,0.5212783744033745
,NP_619988.1,194,,,0.5608208031284955
,NP_619988.1,195,,,0.5625206390831392
,NP_619988.1,196,,,0.4484166874791875
,NP_619988.1,197,,,0.5638904498279499
,NP_619988.1,198,,,0.4998739108114108
,NP_619988.1,199,,,0.4697162212787212
,NP_619988.1,200,,,0.5039966977466979
,NP_619988.1,201,,,0.5625870657120658
,NP_619988.1,202,,,0.5246796205930822
,NP_619988.1,203,,,0.5561523545898546
,NP_619988.1,204,,,0.5231898310023311
,NP_619988.1,205,,,0.4308737069554377
,NP_619988.1,206,,,0.6117353399805323
,NP_619988.1,207,,,0.5372524243918476
,NP_619988.1,208,,,0.5334306318681319
,NP_619988.1,209,,,0.5723296468488778
,NP_619988.1,210,,,0.4883436275263199
,NP_619988.1,211,,,0.4742602349573502
,NP_619988.1,212,,,0.544310750680943
,NP_619988.1,213,,,0.4894635812905043
,NP_619988.1,214,,,0.450349717056448
,NP_619988.1,215,,,0.5053352096621327
,NP_619988.1,216,,,0.4722800436742747
,NP_619988.1,217,,,0.5043957778332779
,NP_619988.1,218,,,0.4807122364814672
,NP_619988.1,219,,,0.4980200221786761
,NP_619988.1,220,,,0.4509251165501163
,NP_619988.1,221,,,0.4931681166056168
,NP_619988.1,222,,,0.5077359939739747
,NP_619988.1,223,,,0.5480670371295371
,NP_619988.1,224,,,0.4575970904095905
,NP_619988.1,225,,,0.4864426372238871
,NP_619988.1,226,,,0.4673559746877055
,NP_619988.1,227,,,0.4733852952602953
,NP_619988.1,228,,,0.4047499375624375
,NP_619988.1,229,,,0.4425100673898751
,NP_619988.1,230,,,0.3824904262404263
,NP_619988.1,231,,,0.4165374555999556
,NP_619988.1,232,,,0.4113886047179317
,NP_619988.1,233,,,0.4109238651305959
,NP_619988.1,234,,,0.4704192508880009
,NP_619988.1,235,,,0.4676150238650238
,NP_619988.1,236,,,0.5071013388321081
,NP_619988.1,237,,,0.4684095952124797
,NP_619988.1,238,,,0.5409550385511925
,NP_619988.1,239,,,0.5432714854589855
,NP_619988.1,240,,,0.5268670565545565
,NP_619988.1,241,,,0.5525406751368291
,NP_619988.1,242,,,0.4994308042384965
,NP_619988.1,243,,,0.4664120601620602
,NP_619988.1,244,,,0.4455497627372626
,NP_619988.1,245,,,0.5243841228216228
,NP_619988.1,246,,,0.472914065101565
,NP_619988.1,247,,,0.5307753010878011
,NP_619988.1,248,,,0.4556178196803196
,NP_619988.1,249,,,0.4696673118548119
,NP_619988.1,250,,,0.5110000709760326
,NP_619988.1,251,,,0.5717471764346763
,NP_619988.1,252,,,0.4650774839476762
,NP_619988.1,253,,,0.4484218906093906
,NP_619988.1,254,,,0.5359652366863904
,NP_619988.1,255,,,0.5487181221556221
,NP_619988.1,256,,,0.5004039363414365
,NP_619988.1,257,,,0.4782013125763125
,NP_619988.1,258,,,0.5054719585969587
,NP_619988.1,259,,,0.5161486083361082
,NP_619988.1,260,,,0.4557118896061202
,NP_619988.1,261,,,0.4935825259142566
,NP_619988.1,262,,,0.5373069638694639
,NP_619988.1,263,,,0.5391986485736486
,NP_619988.1,264,,,0.5932338494838495
,NP_619988.1,265,,,0.5288696346388655
,NP_619988.1,266,,,0.4925588300588301
,NP_619988.1,267,,,0.486591066518951
,NP_619988.1,268,,,0.5100939525218373
,NP_619988.1,269,,,0.5685959206391898
,NP_619988.1,270,,,0.5241059955002261
,NP_619988.1,271,,,0.4739546911421911
,NP_619988.1,272,,,0.5683918912284297
,NP_619988.1,273,,,0.490435579377887
,NP_619988.1,274,,,0.5435551227618535
,NP_619988.1,275,,,0.498212031024531
,NP_619988.1,276,,,0.5612915930223623
,NP_619988.1,277,,,0.518186500999001
,NP_619988.1,278,,,0.504123654123654
,NP_619988.1,279,,,0.5646657162282164
,NP_619988.1,280,,,0.5518965409590411
,NP_619988.1,281,,,0.556629895211626
,NP_619988.1,282,,,0.514530461525654
,NP_619988.1,283,,,0.5574167152292151
,NP_619988.1,284,,,0.5593474234099236
,NP_619988.1,285,,,0.5820573523698523
,NP_619988.1,286,,,0.4948704740772049
,NP_619988.1,287,,,0.5499614968364969
,NP_619988.1,288,,,0.6158221986346987
,NP_619988.1,289,,,0.593042200854701
,NP_619988.1,290,,,0.5002144356711665
,NP_619988.1,291,,,0.6481038059163059
,NP_619988.1,292,,,0.6444659507159507
,NP_619988.1,293,,,0.5576085372960372
,NP_619988.1,294,,,0.633015662222393
,NP_619988.1,295,,,0.6191739884047577
,NP_619988.1,296,,,0.6348700444854288
,NP_619988.1,297,,,0.5763335489297027
,NP_619988.1,298,,,0.5558485985168677
,NP_619988.1,299,,,0.5823337453145145
,NP_619988.1,300,,,0.5882993742368742
,NP_619988.1,301,,,0.5233264998889999
,NP_619988.1,302,,,0.5312849810445963
,NP_619988.1,303,,,0.571489688196419
,NP_619988.1,304,,,0.5311184408540179
,NP_619988.1,305,,,0.5821554113621421
,NP_619988.1,306,,,0.5372394966144967
,NP_619988.1,307,,,0.5318485867764714
,NP_619988.1,308,,,0.4902942276740354
,NP_619988.1,309,,,0.3473222824184363
,NP_619988.1,310,,,0.3745237401487402
,NP_619988.1,311,,,0.4253024619611159
,NP_619988.1,312,,,0.4203120997592153
,NP_619988.1,313,,,0.5288980117105117
,NP_619988.1,314,,,0.4674644799644799
,NP_619988.1,315,,,0.5711189851814852
,NP_619988.1,316,,,0.518976943195693
,NP_619988.1,317,,,0.640660514698976
,NP_619988.1,318,,,0.6208314255189253
,NP_619988.1,319,,,0.6918735778110776
,NP_619988.1,320,,,0.5291201853701853
,NP_619988.1,321,,,0.6231043262293263
,NP_619988.1,322,,,0.5310647685647684
,NP_619988.1,323,,,0.5462215935773629
,NP_619988.1,324,,,0.5108670042564272
,NP_619988.1,325,,,0.5625796078921079
,NP_619988.1,326,,,0.5360986102572641
,NP_619988.1,327,,,0.6045498171700097
,NP_619988.1,328,,,0.4988069889512197
,NP_619988.1,329,,,0.5692910855170472
,NP_619988.1,330,,,0.5175312534687534
,NP_619988.1,331,,,0.5960175241425241
,NP_619988.1,332,,,0.5914876789876791
,NP_619988.1,333,,,0.5486471861471862
,NP_619988.1,334,,,0.5424844252969254
,NP_619988.1,335,,,0.6229319425232887
,NP_619988.1,336,,,0.6437486124986125
,NP_619988.1,337,,,0.5819203366078365
,NP_619988.1,338,,,0.538562479187479
,NP_619988.1,339,,,0.5439560439560438
,NP_619988.1,340,,,0.5363560051060049
,NP_619988.1,341,,,0.4472995754245751
orthopox,P20508.1,1,0.0,nptransfer,0.5670272435897437
orthopox,P20508.1,2,0.0,nptransfer,0.590978465978466
orthopox,P20508.1,3,0.0,nptransfer,0.5613291222666222
orthopox,P20508.1,4,0.0,nptransfer,0.5370298104673105
orthopox,P20508.1,5,0.0,nptransfer,0.588912302974803
orthopox,P20508.1,6,0.0,nptransfer,0.5619512432012433
orthopox,P20508.1,7,0.0,nptransfer,0.6781732156732156
orthopox,P20508.1,8,0.0,nptransfer,0.6126416985791986
orthopox,P20508.1,9,0.0,nptransfer,0.6110764949919362
orthopox,P20508.1,10,0.0,nptransfer,0.6549540737040739
orthopox,P20508.1,11,0.0,nptransfer,0.5176004551004552
orthopox,P20508.1,12,0.0,nptransfer,0.5834646256521256
orthopox,P20508.1,13,0.0,nptransfer,0.656064648492533
orthopox,P20508.1,14,0.0,nptransfer,0.6236048673548675
orthopox,P20508.1,15,0.0,nptransfer,0.5790740509490508
orthopox,P20508.1,16,0.0,nptransfer,0.6205945096570095
orthopox,P20508.1,17,0.0,nptransfer,0.5789639180264179
orthopox,P20508.1,18,0.0,nptransfer,0.5724690240315241
orthopox,P20508.1,19,0.0,nptransfer,0.5717803030303031
orthopox,P20508.1,20,0.0,nptransfer,0.5601847671559209
orthopox,P20508.1,21,0.0,nptransfer,0.646117857836608
orthopox,P20508.1,22,0.0,nptransfer,0.5529576726692111
orthopox,P20508.1,23,0.0,nptransfer,0.689495573870574
orthopox,P20508.1,24,0.0,nptransfer,0.5640069999445
orthopox,P20508.1,25,0.0,nptransfer,0.5957101925851925
orthopox,P20508.1,26,0.0,nptransfer,0.5660138472638474
orthopox,P20508.1,27,0.0,nptransfer,0.5973545551670554
orthopox,P20508.1,28,0.0,nptransfer,0.5946671384171385
orthopox,P20508.1,29,0.0,nptransfer,0.6096882284382283
orthopox,P20508.1,30,0.0,nptransfer,0.5616326381951383
orthopox,P20508.1,31,0.0,nptransfer,0.4329854173604174
orthopox,P20508.1,32,0.0,nptransfer,0.5603237040737042
orthopox,P20508.1,33,0.0,nptransfer,0.5678878413253414
orthopox,P20508.1,34,0.0,nptransfer,0.4781988844488845
orthopox,P20508.1,35,0.0,nptransfer,0.5586231476856478
orthopox,P20508.1,36,0.0,nptransfer,0.4356815059940059
orthopox,P20508.1,37,0.0,nptransfer,0.5148527754296984
orthopox,P20508.1,38,0.0,nptransfer,0.4867068695193696
orthopox,P20508.1,39,0.0,nptransfer,0.5986559294463708
orthopox,P20508.1,40,0.0,nptransfer,0.5375685078810079
orthopox,P20508.1,41,0.0,nptransfer,0.5571112914862915
orthopox,P20508.1,42,0.0,nptransfer,0.5631686022311021
orthopox,P20508.1,43,0.0,nptransfer,0.5393014971139971
orthopox,P20508.1,44,0.0,nptransfer,0.5736392080142081
orthopox,P20508.1,45,0.0,nptransfer,0.5735005245822553
orthopox,P20508.1,46,0.0,nptransfer,0.519206141081141
orthopox,P20508.1,47,0.0,nptransfer,0.5952863109113109
orthopox,P20508.1,48,0.0,nptransfer,0.5408815143190143
orthopox,P20508.1,49,0.0,nptransfer,0.6005678349428348
orthopox,P20508.1,50,0.0,nptransfer,0.5311856546231546
orthopox,P20508.1,51,0.0,nptransfer,0.5027166076444923
orthopox,P20508.1,52,0.0,nptransfer,0.5498986590332744
orthopox,P20508.1,53,0.0,nptransfer,0.5466746794871795
orthopox,P20508.1,54,0.0,nptransfer,0.5128518116498886
orthopox,P20508.1,55,0.0,nptransfer,0.5477137445887446
orthopox,P20508.1,56,0.0,nptransfer,0.5331092518592518
orthopox,P20508.1,57,0.0,nptransfer,0.5332131410256409
orthopox,P20508.1,58,0.0,nptransfer,0.4876004204129204
orthopox,P20508.1,59,0.0,nptransfer,0.5609102702852702
orthopox,P20508.1,60,0.0,nptransfer,0.5829944361194361
orthopox,P20508.1,61,1.0,nptransfer,0.5812760156510159
orthopox,P20508.1,62,1.0,nptransfer,0.5425195264137572
orthopox,P20508.1,63,1.0,nptransfer,0.5665806415806414
orthopox,P20508.1,64,1.0,nptransfer,0.5345525134587634
orthopox,P20508.1,65,1.0,nptransfer,0.5238188894438897
orthopox,P20508.1,66,1.0,nptransfer,0.5456654456654456
orthopox,P20508.1,67,1.0,nptransfer,0.4911312645687645
orthopox,P20508.1,68,1.0,nptransfer,0.6269845672489904
orthopox,P20508.1,69,1.0,nptransfer,0.4884284985847487
orthopox,P20508.1,70,1.0,nptransfer,0.5565706862581863
orthopox,P20508.1,71,0.0,nptransfer,0.5489454722627799
orthopox,P20508.1,72,0.0,nptransfer,0.5767274792515176
orthopox,P20508.1,73,0.0,nptransfer,0.5967490842490843
orthopox,P20508.1,74,0.0,nptransfer,0.5364278083028082
orthopox,P20508.1,75,0.0,nptransfer,0.5462358821733821
orthopox,P20508.1,76,0.0,nptransfer,0.5744932818250126
orthopox,P20508.1,77,0.0,nptransfer,0.5411092780083165
orthopox,P20508.1,78,0.0,nptransfer,0.5829748776864161
orthopox,P20508.1,79,0.0,nptransfer,0.4973096147975955
orthopox,P20508.1,80,0.0,nptransfer,0.4930745269687578
orthopox,P20508.1,81,0.0,nptransfer,0.603781875176106
orthopox,P20508.1,82,0.0,nptransfer,0.4728670634920636
orthopox,P20508.1,83,0.0,nptransfer,0.5938870157620159
orthopox,P20508.1,84,0.0,nptransfer,0.5436859147796647
orthopox,P20508.1,85,0.0,nptransfer,0.4741456460206459
orthopox,P20508.1,86,0.0,nptransfer,0.5207401973026975
orthopox,P20508.1,87,0.0,nptransfer,0.5151513417138418
orthopox,P20508.1,88,0.0,nptransfer,0.5358938604130912
orthopox,P20508.1,89,0.0,nptransfer,0.5085579351204351
orthopox,P20508.1,90,0.0,nptransfer,0.456888824316709
orthopox,P20508.1,91,0.0,nptransfer,0.6142720660749508
orthopox,P20508.1,92,0.0,nptransfer,0.4244512432012432
orthopox,P20508.1,93,0.0,nptransfer,0.5672664141414142
orthopox,P20508.1,94,0.0,nptransfer,0.528998778998779
orthopox,P20508.1,95,0.0,nptransfer,0.5625388500388503
orthopox,P20508.1,96,0.0,nptransfer,0.5874231671106671
orthopox,P20508.1,97,0.0,nptransfer,0.5836143690710999
orthopox,P20508.1,98,0.0,nptransfer,0.6260244563129179
orthopox,P20508.1,99,0.0,nptransfer,0.5819477397602397
orthopox,P20508.1,100,0.0,nptransfer,0.6172371031746032
orthopox,P20508.1,101,0.0,nptransfer,0.6239742362338517
orthopox,P20508.1,102,0.0,nptransfer,0.6141846001221001
orthopox,P20508.1,103,0.0,nptransfer,0.5156418234543234
orthopox,P20508.1,104,0.0,nptransfer,0.5336659867909868
orthopox,P20508.1,105,0.0,nptransfer,0.551953948828949
orthopox,P20508.1,106,0.0,nptransfer,0.562085137085137
orthopox,P20508.1,107,0.0,nptransfer,0.5993426712176713
orthopox,P20508.1,108,0.0,nptransfer,0.5565658033206111
orthopox,P20508.1,109,0.0,nptransfer,0.592956616033539
orthopox,P20508.1,110,0.0,nptransfer,0.6570217976467976
orthopox,P20508.1,111,0.0,nptransfer,0.5608849483849484
orthopox,P20508.1,112,0.0,nptransfer,0.5346394924519924
orthopox,P20508.1,113,0.0,nptransfer,0.6507605241980242
orthopox,P20508.1,114,0.0,nptransfer,0.5239449786324785
orthopox,P20508.1,115,0.0,nptransfer,0.5982796717171716
orthopox,P20508.1,116,0.0,nptransfer,0.5990783522033523
orthopox,P20508.1,117,0.0,nptransfer,0.601821095571096
orthopox,P20508.1,118,0.0,nptransfer,0.5472697441447443
orthopox,P20508.1,119,0.0,nptransfer,0.542458062770563
orthopox,P20508.1,120,0.0,nptransfer,0.5240218115218116
orthopox,P20508.1,121,0.0,nptransfer,0.5436813186813187
orthopox,P20508.1,122,0.0,nptransfer,0.5449772449772449
orthopox,P20508.1,123,0.0,nptransfer,0.5672745657120657
orthopox,P20508.1,124,0.0,nptransfer,0.5705055361305362
orthopox,P20508.1,125,0.0,nptransfer,0.5077984515484515
orthopox,P20508.1,126,0.0,nptransfer,0.5274774104101025
orthopox,P20508.1,127,0.0,nptransfer,0.4246398566711067
orthopox,P20508.1,128,0.0,nptransfer,0.5928109217171715
orthopox,P20508.1,129,0.0,nptransfer,0.6117923742923744
orthopox,P20508.1,130,0.0,nptransfer,0.496869690138921
orthopox,P20508.1,131,0.0,nptransfer,0.4740214046103468
orthopox,P20508.1,132,0.0,nptransfer,0.5287896131646131
orthopox,P20508.1,133,0.0,nptransfer,0.5123659993852302
orthopox,P20508.1,134,0.0,nptransfer,0.5203494422244422
orthopox,P20508.1,135,0.0,nptransfer,0.5394449300699301
orthopox,P20508.1,136,0.0,nptransfer,0.546421633921634
orthopox,P20508.1,137,0.0,nptransfer,0.5220834720834723
orthopox,P20508.1,138,0.0,nptransfer,0.4478400072150072
orthopox,P20508.1,139,0.0,nptransfer,0.5144872488622487
orthopox,P20508.1,140,0.0,nptransfer,0.5227129574485343
orthopox,P20508.1,141,0.0,nptransfer,0.4426353160728162
orthopox,P20508.1,142,0.0,nptransfer,0.4799072455322455
orthopox,P20508.1,143,0.0,nptransfer,0.5178053516995826
orthopox,P20508.1,144,0.0,nptransfer,0.4903275543900544
orthopox,P20508.1,145,0.0,nptransfer,0.567934842934843
orthopox,P20508.1,146,0.0,nptransfer,0.5255172578489887
orthopox,P20508.1,147,0.0,nptransfer,0.5710542929292928
orthopox,P20508.1,148,0.0,nptransfer,0.505678175990676
orthopox,P20508.1,149,0.0,nptransfer,0.5485965423465424
orthopox,P20508.1,150,0.0,nptransfer,0.5269258652672115
orthopox,P20508.1,151,0.0,nptransfer,0.541839584027084
orthopox,P20508.1,152,0.0,nptransfer,0.5097232628482629
orthopox,P20508.1,153,0.0,nptransfer,0.4376493298368297
orthopox,P20508.1,154,0.0,nptransfer,0.5182954198579197
orthopox,P20508.1,155,0.0,nptransfer,0.5060434357309358
orthopox,P20508.1,156,0.0,nptransfer,0.5304201007326008
orthopox,P20508.1,157,0.0,nptransfer,0.4734302156177156
orthopox,P20508.1,158,0.0,nptransfer,0.5276587995337996
orthopox,P20508.1,159,0.0,nptransfer,0.5408147408147408
orthopox,P20508.1,160,0.0,nptransfer,0.4925055846930848
orthopox,P20508.1,161,0.0,nptransfer,0.5264880952380954
orthopox,P20508.1,162,0.0,nptransfer,0.5286090645465648
orthopox,P20508.1,163,0.0,nptransfer,0.472275320833013
orthopox,P20508.1,164,0.0,nptransfer,0.4689770299145299
orthopox,P20508.1,165,0.0,nptransfer,0.4422745657120657
orthopox,P20508.1,166,0.0,nptransfer,0.5314152994441456
orthopox,P20508.1,167,0.0,nptransfer,0.5427100943927867
orthopox,P20508.1,168,0.0,nptransfer,0.5555040445665445
orthopox,P20508.1,169,0.0,nptransfer,0.4982335372960373
orthopox,P20508.1,170,0.0,nptransfer,0.5465213605838606
orthopox,P20508.1,171,0.0,nptransfer,0.5071411227661226
orthopox,P20508.1,172,0.0,nptransfer,0.5530880844582768
orthopox,P20508.1,173,0.0,nptransfer,0.5382211938702324
orthopox,P20508.1,174,0.0,nptransfer,0.5961168105398875
orthopox,P20508.1,175,0.0,nptransfer,0.5217029498279498
orthopox,P20508.1,176,0.0,nptransfer,0.4974454365079365
orthopox,P20508.1,177,0.0,nptransfer,0.5404623154623154
orthopox,P20508.1,178,0.0,nptransfer,0.5553711913086914
orthopox,P20508.1,179,0.0,nptransfer,0.5272456709956711
orthopox,P20508.1,180,0.0,nptransfer,0.5870497557997558
orthopox,P20508.1,181,0.0,nptransfer,0.6011108682983684
orthopox,P20508.1,182,0.0,nptransfer,0.5249573143202951
orthopox,P20508.1,183,0.0,nptransfer,0.6123095654345655
orthopox,P20508.1,184,0.0,nptransfer,0.5603247446997447
orthopox,P20508.1,185,0.0,nptransfer,0.5537936022311022
orthopox,P20508.1,186,0.0,nptransfer,0.5286210317460319
orthopox,P20508.1,187,0.0,nptransfer,0.455966862998113
orthopox,P20508.1,188,0.0,nptransfer,0.5331460206460208
orthopox,P20508.1,189,0.0,nptransfer,0.4552029701068164
orthopox,P20508.1,190,0.0,nptransfer,0.594703993922744
orthopox,P20508.1,191,0.0,nptransfer,0.5360061813186813
orthopox,P20508.1,192,0.0,nptransfer,0.4654054279054278
orthopox,P20508.1,193,0.0,nptransfer,0.4908598346098347
orthopox,P20508.1,194,0.0,nptransfer,0.4714625652125651
orthopox,P20508.1,195,0.0,nptransfer,0.5590602373054295
orthopox,P20508.1,196,0.0,nptransfer,0.4722948592539938
orthopox,P20508.1,197,0.0,nptransfer,0.5032602813852812
orthopox,P20508.1,198,0.0,nptransfer,0.6065505808294269
orthopox,P20508.1,199,0.0,nptransfer,0.5532007922632922
orthopox,P20508.1,200,0.0,nptransfer,0.4629407051282052
orthopox,P20508.1,201,1.0,nptransfer,0.5929978675170984
orthopox,P20508.1,202,1.0,nptransfer,0.5525946275946276
orthopox,P20508.1,203,1.0,nptransfer,0.535897089022089
orthopox,P20508.1,204,1.0,nptransfer,0.5036607489732489
orthopox,P20508.1,205,1.0,nptransfer,0.5321546509046511
orthopox,P20508.1,206,1.0,nptransfer,0.5153155871905872
orthopox,P20508.1,207,1.0,nptransfer,0.5642491856434165
orthopox,P20508.1,208,1.0,nptransfer,0.6159893925518927
orthopox,P20508.1,209,1.0,nptransfer,0.5272702991452992
orthopox,P20508.1,210,1.0,nptransfer,0.5921758930172393
orthopox,P20508.1,211,0.0,nptransfer,0.524772102897103
orthopox,P20508.1,212,0.0,nptransfer,0.5880504911754912
orthopox,P20508.1,213,0.0,nptransfer,0.5121801809301809
orthopox,P20508.1,214,0.0,nptransfer,0.4764667624042624
orthopox,P20508.1,215,0.0,nptransfer,0.5936676171051171
orthopox,P20508.1,216,0.0,nptransfer,0.5599539349539349
orthopox,P20508.1,217,0.0,nptransfer,0.5865984709734711
orthopox,P20508.1,218,0.0,nptransfer,0.5219625860250859
orthopox,P20508.1,219,0.0,nptransfer,0.5861263736263737
orthopox,P20508.1,220,0.0,nptransfer,0.5741909666188512
orthopox,P20508.1,221,0.0,nptransfer,0.5997112262737263
orthopox,P20508.1,222,0.0,nptransfer,0.6059749278499278
orthopox,P20508.1,223,0.0,nptransfer,0.5260850927918234
orthopox,P20508.1,224,0.0,nptransfer,0.5626501970251968
orthopox,P20508.1,225,0.0,nptransfer,0.5985259932375316
orthopox,P20508.1,226,0.0,nptransfer,0.5901747557997558
orthopox,P20508.1,227,0.0,nptransfer,0.5588378635253635
orthopox,P20508.1,228,0.0,nptransfer,0.42080038017538
orthopox,P20508.1,229,0.0,nptransfer,0.4631154902789517
orthopox,P20508.1,230,0.0,nptransfer,0.4314147657897658
orthopox,P20508.1,231,0.0,nptransfer,0.4371312715062715
orthopox,P20508.1,232,0.0,nptransfer,0.4396620740370739
orthopox,P20508.1,233,0.0,nptransfer,0.5270330364080364
orthopox,P20508.1,234,0.0,nptransfer,0.5578445859695861
orthopox,P20508.1,235,0.0,nptransfer,0.5577691405816405
orthopox,P20508.1,236,0.0,nptransfer,0.5688854548229548
orthopox,P20508.1,237,0.0,nptransfer,0.5342933108558108
orthopox,P20508.1,238,0.0,nptransfer,0.4420165771728271
orthopox,P20508.1,239,0.0,nptransfer,0.5015382187257187
orthopox,P20508.1,240,0.0,nptransfer,0.5723403332778333
orthopox,P20508.1,241,1.0,nptransfer,0.571976114163614
orthopox,P20508.1,242,1.0,nptransfer,0.5506691225441226
orthopox,P20508.1,243,1.0,nptransfer,0.5034106518481518
orthopox,P20508.1,244,1.0,nptransfer,0.5218344155844157
orthopox,P20508.1,245,1.0,nptransfer,0.4920810092685092
orthopox,P20508.1,246,1.0,nptransfer,0.5469299797424798
orthopox,P20508.1,247,1.0,nptransfer,0.5659505425130423
orthopox,P20508.1,248,1.0,nptransfer,0.5416772463647463
orthopox,P20508.1,249,1.0,nptransfer,0.6413577741702743
orthopox,P20508.1,250,1.0,nptransfer,0.6331935425685425
orthopox,P20508.1,251,1.0,nptransfer,0.6714811897504206
orthopox,P20508.1,252,1.0,nptransfer,0.6156400890775889
orthopox,P20508.1,253,1.0,nptransfer,0.5406152874902875
orthopox,P20508.1,254,1.0,nptransfer,0.6610292485292486
orthopox,P20508.1,255,1.0,nptransfer,0.561534299034299
orthopox,P20508.1,256,1.0,nptransfer,0.6172530594405594
orthopox,P20508.1,257,1.0,nptransfer,0.5565210830835831
orthopox,P20508.1,258,1.0,nptransfer,0.5769843004218006
orthopox,P20508.1,259,1.0,nptransfer,0.5579245407370407
orthopox,P20508.1,260,1.0,nptransfer,0.6025812728937731
orthopox,P20508.1,261,0.0,nptransfer,0.6079191641691641
orthopox,P20508.1,262,0.0,nptransfer,0.5959425990675989
orthopox,P20508.1,263,0.0,nptransfer,0.569750215062715
orthopox,P20508.1,264,0.0,nptransfer,0.6047421328671329
orthopox,P20508.1,265,0.0,nptransfer,0.4558258381575689
orthopox,P20508.1,266,0.0,nptransfer,0.5291004134754135
orthopox,P20508.1,267,0.0,nptransfer,0.5767480783105784
orthopox,P20508.1,268,0.0,nptransfer,0.5389939921189923
orthopox,P20508.1,269,0.0,nptransfer,0.5893002830502831
orthopox,P20508.1,270,0.0,nptransfer,0.5948525432900433
orthopox,P20508.1,271,0.0,nptransfer,0.5682305541680542
orthopox,P20508.1,272,0.0,nptransfer,0.4573329448329448
orthopox,P20508.1,273,0.0,nptransfer,0.5643524877899877
orthopox,P20508.1,274,0.0,nptransfer,0.6030472465568619
orthopox,P20508.1,275,0.0,nptransfer,0.6009603243978243
orthopox,P20508.1,276,0.0,nptransfer,0.5425263972138971
orthopox,P20508.1,277,0.0,nptransfer,0.5717291389166389
orthopox,P20508.1,278,0.0,nptransfer,0.5796991203241203
orthopox,P20508.1,279,0.0,nptransfer,0.4637232559107559
orthopox,P20508.1,280,0.0,nptransfer,0.5120452464202466
orthopox,P20508.1,281,0.0,nptransfer,0.512347027972028
orthopox,P20508.1,282,0.0,nptransfer,0.4501530387347695
orthopox,P20508.1,283,0.0,nptransfer,0.4569354256854257
orthopox,P20508.1,284,0.0,nptransfer,0.4932139041514043
orthopox,P20508.1,285,0.0,nptransfer,0.4658026001776
orthopox,P20508.1,286,0.0,nptransfer,0.468033528971029
orthopox,P20508.1,287,0.0,nptransfer,0.396293530187761
orthopox,P20508.1,288,0.0,nptransfer,0.4336736847554155
orthopox,P20508.1,289,0.0,nptransfer,0.5120619631436939
orthopox,P20508.1,290,0.0,nptransfer,0.445582369019869
orthopox,P20508.1,291,0.0,nptransfer,0.4067234848484849
orthopox,P20508.1,292,0.0,nptransfer,0.4198371073371074
orthopox,P20508.1,293,0.0,nptransfer,0.4493039946164946
orthopox,P20508.1,294,0.0,nptransfer,0.5328473609723612
orthopox,P20508.1,295,0.0,nptransfer,0.4398299617049618
orthopox,P20508.1,296,0.0,nptransfer,0.4844291125541126
orthopox,P20508.1,297,0.0,nptransfer,0.5165322524697524
orthopox,P20508.1,298,0.0,nptransfer,0.5932532745032746
orthopox,P20508.1,299,0.0,nptransfer,0.4443443709068709
orthopox,P20508.1,300,0.0,nptransfer,0.4822403291153291
orthopox,P20508.1,301,0.0,nptransfer,0.5141216422466424
orthopox,P20508.1,302,0.0,nptransfer,0.4603578712953714
orthopox,P20508.1,303,0.0,nptransfer,0.4972973207348206
orthopox,P20508.1,304,0.0,nptransfer,0.5060496794871796
,Q1M1K6,1,,,0.5663644982154598
,Q1M1K6,2,,,0.5451751373626375
,Q1M1K6,3,,,0.5588883338883338
,Q1M1K6,4,,,0.5274907384282385
,Q1M1K6,5,,,0.5659916472416474
,Q1M1K6,6,,,0.548521096958597
,Q1M1K6,7,,,0.6685215825840826
,Q1M1K6,8,,,0.5827852702852705
,Q1M1K6,9,,,0.6062184343434343
,Q1M1K6,10,,,0.6586781274281275
,Q1M1K6,11,,,0.5272141053391055
,Q1M1K6,12,,,0.5808833527583528
,Q1M1K6,13,,,0.61359496539785
,Q1M1K6,14,,,0.5958366286491288
,Q1M1K6,15,,,0.5649491133866135
,Q1M1K6,16,,,0.6333366286491287
,Q1M1K6,17,,,0.5522687382062382
,Q1M1K6,18,,,0.5427159645909647
,Q1M1K6,19,,,0.5537075771450772
,Q1M1K6,20,,,0.5404099773090159
,Q1M1K6,21,,,0.6489317106504608
,Q1M1K6,22,,,0.5166342738458124
,Q1M1K6,23,,,0.6460241147741148
,Q1M1K6,24,,,0.5597340159840161
,Q1M1K6,25,,,0.5980323495948496
,Q1M1K6,26,,,0.5898747086247089
,Q1M1K6,27,,,0.554070061882562
,Q1M1K6,28,,,0.6091252497502497
,Q1M1K6,29,,,0.6050903957153957
,Q1M1K6,30,,,0.567926517926518
,Q1M1K6,31,,,0.4228110431235432
,Q1M1K6,32,,,0.5396359516551826
,Q1M1K6,33,,,0.594593253968254
,Q1M1K6,34,,,0.479691489066489
,Q1M1K6,35,,,0.5448582667332668
,Q1M1K6,36,,,0.4340329809079808
,Q1M1K6,37,,,0.5430620661389892
,Q1M1K6,38,,,0.4782151875901877
,Q1M1K6,39,,,0.6098603500257913
,Q1M1K6,40,,,0.5435743076368077
,Q1M1K6,41,,,0.5329940892440893
,Q1M1K6,42,,,0.5281942016317015
,Q1M1K6,43,,,0.5327648046398048
,Q1M1K6,44,,,0.5699266011766012
,Q1M1K6,45,,,0.5657528902721211
,Q1M1K6,46,,,0.5072727619602619
,Q1M1K6,47,,,0.589940614940615
,Q1M1K6,48,,,0.5445132992007993
,Q1M1K6,49,,,0.6208650724275724
,Q1M1K6,50,,,0.5275146728271728
,Q1M1K6,51,,,0.5115040008068855
,Q1M1K6,52,,,0.5240357399011246
,Q1M1K6,53,,,0.5307465104340104
,Q1M1K6,54,,,0.5115031603012371
,Q1M1K6,55,,,0.5373674936174936
,Q1M1K6,56,,,0.4950131865997251
,Q1M1K6,57,,,0.5360332375957376
,Q1M1K6,58,,,0.5116655913530913
,Q1M1K6,59,,,0.5495053557553556
,Q1M1K6,60,,,0.5313691516816518
,Q1M1K6,61,,,0.5440698190698193
,Q1M1K6,62,,,0.558017223161454
,Q1M1K6,63,,,0.5148275335775335
,Q1M1K6,64,,,0.5197670385170385
,Q1M1K6,65,,,0.545050955988456
,Q1M1K6,66,,,0.5076992451992451
,Q1M1K6,67,,,0.4763647810522809
,Q1M1K6,68,,,0.6069473928848929
,Q1M1K6,69,,,0.505383071789322
,Q1M1K6,70,,,0.5442564380064382
,Q1M1K6,71,,,0.5425179588040164
,Q1M1K6,72,,,0.5523308689174075
,Q1M1K6,73,,,0.5779845154845156
,Q1M1K6,74,,,0.5277031995781996
,Q1M1K6,75,,,0.510679945054945
,Q1M1K6,76,,,0.5488378608570916
,Q1M1K6,77,,,0.4958646588454283
,Q1M1K6,78,,,0.5366613621421313
,Q1M1K6,79,,,0.4927131695761503
,Q1M1K6,80,,,0.4763023434898435
,Q1M1K6,81,,,0.6215607976425285
,Q1M1K6,82,,,0.4602480852480854
,Q1M1K6,83,,,0.5730960012210012
,Q1M1K6,84,,,0.52331011002886
,Q1M1K6,85,,,0.4652056277056277
,Q1M1K6,86,,,0.5096929112554113
,Q1M1K6,87,,,0.5231492465867468
,Q1M1K6,88,,,0.5424834513776822
,Q1M1K6,89,,,0.4832034285159286
,Q1M1K6,90,,,0.4970151376401377
,Q1M1K6,91,,,0.5982368859772706
,Q1M1K6,92,,,0.4313670704295705
orthopox,Q1M1K6,93,1.0,nptransfer,0.5387907231657233
orthopox,Q1M1K6,94,1.0,nptransfer,0.5441624347874348
orthopox,Q1M1K6,95,1.0,nptransfer,0.5689007173382176
orthopox,Q1M1K6,96,1.0,nptransfer,0.6109083624708624
orthopox,Q1M1K6,97,1.0,nptransfer,0.6035510296327604
orthopox,Q1M1K6,98,1.0,nptransfer,0.5939368590810898
orthopox,Q1M1K6,99,1.0,nptransfer,0.577699037074037
orthopox,Q1M1K6,100,1.0,nptransfer,0.6218501984126986
orthopox,Q1M1K6,101,1.0,nptransfer,0.6057175463425464
orthopox,Q1M1K6,102,1.0,nptransfer,0.5936107295482296
orthopox,Q1M1K6,103,1.0,nptransfer,0.5360991439116437
orthopox,Q1M1K6,104,1.0,nptransfer,0.524553397990898
orthopox,Q1M1K6,105,1.0,nptransfer,0.5320018523143524
orthopox,Q1M1K6,106,1.0,nptransfer,0.5347329753579753
orthopox,Q1M1K6,107,1.0,nptransfer,0.5896899975024975
orthopox,Q1M1K6,108,1.0,nptransfer,0.5413071036869115
orthopox,Q1M1K6,109,1.0,nptransfer,0.5911518236037466
orthopox,Q1M1K6,110,1.0,nptransfer,0.6487321706071705
,Q1M1K6,111,,,0.5659482878232878
,Q1M1K6,112,,,0.5388233294483293
,Q1M1K6,113,,,0.6023115773115773
,Q1M1K6,114,,,0.5012785825285824
,Q1M1K6,115,,,0.5973963536463537
,Q1M1K6,116,,,0.5976818320568322
,Q1M1K6,117,,,0.5982900779775782
,Q1M1K6,118,,,0.5429697039072041
,Q1M1K6,119,,,0.5339464355089356
,Q1M1K6,120,,,0.5278950216450217
,Q1M1K6,121,,,0.5497655122655123
,Q1M1K6,122,,,0.5768602924852925
,Q1M1K6,123,,,0.6160662387825849
,Q1M1K6,124,,,0.5465615981240981
,Q1M1K6,125,,,0.5381448412698413
,Q1M1K6,126,,,0.5371805544882466
,Q1M1K6,127,,,0.4122777196094504
,Q1M1K6,128,,,0.5521952873515373
,Q1M1K6,129,,,0.5890149780774782
,Q1M1K6,130,,,0.4411726094418402
,Q1M1K6,131,,,0.5072535970973471
,Q1M1K6,132,,,0.5088033494283495
,Q1M1K6,133,,,0.498961695355926
,Q1M1K6,134,,,0.5219405594405593
,Q1M1K6,135,,,0.5506850788100789
,Q1M1K6,136,,,0.5430869477744479
,Q1M1K6,137,,,0.5708009004884006
,Q1M1K6,138,,,0.4643521409146408
,Q1M1K6,139,,,0.5382289585414586
,Q1M1K6,140,,,0.5231508742326051
,Q1M1K6,141,,,0.4273462648462648
,Q1M1K6,142,,,0.5091613247863249
,Q1M1K6,143,,,0.5151507146699454
,Q1M1K6,144,,,0.4603020243645242
,Q1M1K6,145,,,0.5716444746492824
,Q1M1K6,146,,,0.5396788974913975
,Q1M1K6,147,,,0.5802005286380285
,Q1M1K6,148,,,0.486772082084582
,Q1M1K6,149,,,0.5553982475857477
,Q1M1K6,150,,,0.5223899364524365
,Q1M1K6,151,,,0.4953792735042734
,Q1M1K6,152,,,0.5270267926517926
,Q1M1K6,153,,,0.4541161963036962
,Q1M1K6,154,,,0.5415280899655899
,Q1M1K6,155,,,0.5216072655976502
,Q1M1K6,156,,,0.5317803724053725
,Q1M1K6,157,,,0.479601128038628
,Q1M1K6,158,,,0.4920492701742702
,Q1M1K6,159,,,0.5702034077034077
,Q1M1K6,160,,,0.5042516511266512
,Q1M1K6,161,,,0.5304174991674991
,Q1M1K6,162,,,0.5605278402153403
,Q1M1K6,163,,,0.4839887809839732
,Q1M1K6,164,,,0.509065934065934
,Q1M1K6,165,,,0.4421047702297702
,Q1M1K6,166,,,0.5234564180477641
,Q1M1K6,167,,,0.5126659798534801
,Q1M1K6,168,,,0.5916952838827839
,Q1M1K6,169,,,0.5309180402930402
,Q1M1K6,170,,,0.5763347763347764
,Q1M1K6,171,,,0.4954687673437672
,Q1M1K6,172,,,0.5568691724941726
,Q1M1K6,173,,,0.5425748263488649
,Q1M1K6,174,,,0.595134286119863
,Q1M1K6,175,,,0.4806353368853369
,Q1M1K6,176,,,0.5065061674436674
,Q1M1K6,177,,,0.5788844835719835
,Q1M1K6,178,,,0.5154732420357422
,Q1M1K6,179,,,0.5351981351981352
,Q1M1K6,180,,,0.5719660547785547
,Q1M1K6,181,,,0.5944650835275835
,Q1M1K6,182,,,0.4939175207805016
,Q1M1K6,183,,,0.5898967352092354
,Q1M1K6,184,,,0.5711244284561592
,Q1M1K6,185,,,0.5452287296037297
,Q1M1K6,186,,,0.5890815781440782
,Q1M1K6,187,,,0.4999667866855368
,Q1M1K6,188,,,0.5408860236985239
,Q1M1K6,189,,,0.4538940226440227
,Q1M1K6,190,,,0.5503459881464691
,Q1M1K6,191,,,0.5489364801864801
,Q1M1K6,192,,,0.4733903249528249
,Q1M1K6,193,,,0.4766254578754581
,Q1M1K6,194,,,0.4749867120059428
,Q1M1K6,195,,,0.5391551424003348
,Q1M1K6,196,,,0.4828541784070629
,Q1M1K6,197,,,0.4961794282106782
,Q1M1K6,198,,,0.5863462925962927
,Q1M1K6,199,,,0.5721554487179487
,Q1M1K6,200,,,0.5003605769230769
,Q1M1K6,201,,,0.5750911214853522
,Q1M1K6,202,,,0.5938240578865579
,Q1M1K6,203,,,0.5266275391275392
,Q1M1K6,204,,,0.4902318167943167
,Q1M1K6,205,,,0.5188778235653236
,Q1M1K6,206,,,0.5283287892662892
,Q1M1K6,207,,,0.5486269606461914
,Q1M1K6,208,,,0.5517428751803751
,Q1M1K6,209,,,0.4779900654900657
,Q1M1K6,210,,,0.4746678668553669
,Q1M1K6,211,,,0.5221072997515305
,Q1M1K6,212,,,0.4857124446066754
,Q1M1K6,213,,,0.4491603882228882
,Q1M1K6,214,,,0.5096599580974581
,Q1M1K6,215,,,0.5519478785103785
,Q1M1K6,216,,,0.5323372807747808
,Q1M1K6,217,,,0.4986852357044666
,Q1M1K6,218,,,0.4872308247308248
,Q1M1K6,219,,,0.5271405677655678
,Q1M1K6,220,,,0.5280993178829717
,Q1M1K6,221,,,0.5331520909645909
,Q1M1K6,222,,,0.5774935134310135
,Q1M1K6,223,,,0.4792593490910797
,Q1M1K6,224,,,0.5561502733377733
,Q1M1K6,225,,,0.5699493615359
,Q1M1K6,226,,,0.5143693112443112
,Q1M1K6,227,,,0.4830213189588189
,Q1M1K6,228,,,0.4058488386613386
,Q1M1K6,229,,,0.4137744200244199
,Q1M1K6,230,,,0.4369531510156509
,Q1M1K6,231,,,0.4304370976245977
,Q1M1K6,232,,,0.4036935286935286
,Q1M1K6,233,,,0.4671361624486624
,Q1M1K6,234,,,0.5755171911421912
,Q1M1K6,235,,,0.5111852357044664
,Q1M1K6,236,,,0.5258130758130758
,Q1M1K6,237,,,0.4926530067155065
,Q1M1K6,238,,,0.4675622120934621
,Q1M1K6,239,,,0.4571529165279164
,Q1M1K6,240,,,0.518033875846376
,Q1M1K6,241,,,0.5804124694749695
,Q1M1K6,242,,,0.5031168484293486
,Q1M1K6,243,,,0.4730535089910088
,Q1M1K6,244,,,0.4591797091797093
,Q1M1K6,245,,,0.4578300172050171
,Q1M1K6,246,,,0.5022291944166944
,Q1M1K6,247,,,0.5302307067932067
,Q1M1K6,248,,,0.5071185758685759
,Q1M1K6,249,,,0.6110684454434455
,Q1M1K6,250,,,0.5991054351631276
,Q1M1K6,251,,,0.6673681153248464
,Q1M1K6,252,,,0.5439086954711955
,Q1M1K6,253,,,0.500651298487837
,Q1M1K6,254,,,0.6567085692085691
,Q1M1K6,255,,,0.5532514360639359
,Q1M1K6,256,,,0.613626998001998
,Q1M1K6,257,,,0.5673286782661783
,Q1M1K6,258,,,0.6182917776667778
,Q1M1K6,259,,,0.5486792721167721
,Q1M1K6,260,,,0.6064581252081255
,Q1M1K6,261,,,0.5896308552558552
,Q1M1K6,262,,,0.5964649933399931
,Q1M1K6,263,,,0.5731126512376513
,Q1M1K6,264,,,0.56206761988012
,Q1M1K6,265,,,0.4536873516440824
,Q1M1K6,266,,,0.5342548076923077
,Q1M1K6,267,,,0.5578681734931735
,Q1M1K6,268,,,0.5462513181263182
,Q1M1K6,269,,,0.5766993423243425
,Q1M1K6,270,,,0.5380286380286381
,Q1M1K6,271,,,0.4773445304695305
,Q1M1K6,272,,,0.455857683982684
,Q1M1K6,273,,,0.5385473901098901
,Q1M1K6,274,,,0.5852740475336629
,Q1M1K6,275,,,0.5726022241647241
,Q1M1K6,276,,,0.5180047383172384
,Q1M1K6,277,,,0.565653096903097
,Q1M1K6,278,,,0.5238759504384503
,Q1M1K6,279,,,0.4517874486624487
,Q1M1K6,280,,,0.4682676698301699
,Q1M1K6,281,,,0.4769039987789989
,Q1M1K6,282,,,0.453590920297651
,Q1M1K6,283,,,0.4596244033744035
,Q1M1K6,284,,,0.4488315503940505
,Q1M1K6,285,,,0.4360252594627595
,Q1M1K6,286,,,0.4426389582639582
,Q1M1K6,287,,,0.4322586067778375
,Q1M1K6,288,,,0.4161599484916792
,Q1M1K6,289,,,0.4591979868422178
,Q1M1K6,290,,,0.4770217629592631
,Q1M1K6,291,,,0.4193161005661006
,Q1M1K6,292,,,0.4078725094350094
,Q1M1K6,293,,,0.4555626665001665
,Q1M1K6,294,,,0.5213349150849151
,Q1M1K6,295,,,0.4604000833568141
,Q1M1K6,296,,,0.4731596528471529
,Q1M1K6,297,,,0.5664538586413587
,Q1M1K6,298,,,0.6230030386280387
,Q1M1K6,299,,,0.4389070998445998
,Q1M1K6,300,,,0.4441404615683462
,Q1M1K6,301,,,0.5078260281385283
,Q1M1K6,302,,,0.4445435307214154
,Q1M1K6,303,,,0.500538177100677
,Q1M1K6,304,,,0.5107307622932623
